"case","language","text","human_label","reviewer","confidence","ambiguity_notes"
"1","es","Buen día, ¿cuánto tengo disponible en mi cuenta hoy?","","","",""
"2","es","¿Me decís de qué comercio es el consumo que figura como pendiente?","","","",""
"3","es","Hola, ¿ya cayó la transferencia que me hicieron esta mañana?","","","",""
"4","es","Parce, ¿en qué estado va la consignación que hice ayer?","","","",""
"5","es","¿Cuándo cierra mi tarjeta este mes?","","","",""
"6","es","Necesito ver los movimientos de la semana pasada, ¿me los pueden mostrar?","","","",""
"7","es","¿Cuál es el límite que tengo para sacar plata del cajero?","","","",""
"8","es","Oigan, ¿de dónde viene este cargo? Solo quiero ubicar el negocio.","","","",""
"9","es","hola cuanto debo en la tarjeta ahorita","","","",""
"10","es","¿La cuota del préstamo que ya tengo vence el lunes o el martes?","","","",""
"11","es","Che, mandé plata hace un rato. ¿Podés decirme si sigue en proceso?","","","",""
"12","es","¿Qué comisión me aplicaron en el último retiro? No estoy reclamando, quiero entender el detalle.","","","",""
"13","es","¿Mi cuenta de nómina está activa todavía?","","","",""
"14","es","Buenas, estoy organizando mis gastos y necesito saber cuánto pagué de intereses en mi último extracto.","","","",""
"15","es","¿A qué hora se registró mi compra de ayer?","","","",""
"16","es","¿Por qué me cobraron dos veces el mismo café?","","","",""
"17","es","Hola, ese consumo del restaurante no lo reconozco en mi resumen.","","","",""
"18","es","Me descontaron la plata de la transferencia, pero a quien se la mandé no le llegó.","","","",""
"19","es","El cajero no me dio el efectivo y sí bajó mi saldo.","","","",""
"20","es","Qué onda, la tienda devolvió mi compra hace días y el reembolso todavía no aparece.","","","",""
"21","es","En el extracto sale una cuota más alta que la que acordé para mi crédito.","","","",""
"22","es","che esta compra esta repetida, yo pagué una sola vez","","","",""
"23","es","Me cobraron una comisión que mi cuenta no debería tener.","","","",""
"24","es","Buenas tardes. Cancelé el servicio, pero me volvieron a descontar la mensualidad este mes.","","","",""
"25","es","La compra era por menos; en mi tarjeta cargaron un importe equivocado.","","","",""
"26","es","¿Me ayudan con un pago que sale doble en mi app aunque el comercio recibió uno solo?","","","",""
"27","es","La devolución figura como hecha en el comercio, pero sigo sin tener esa plata en la cuenta.","","","",""
"28","es","No solicité hablar con nadie; mi reclamo es que descontaron un pago que ya había cancelado.","","","",""
"29","es","No me suena este cobro del estacionamiento y yo no estuve allí.","","","",""
"30","es","Hice una consignación y el recibo marca una cantidad mayor que la abonada; falta parte de mi plata.","","","",""
"31","es","Quiero hablar con una persona, por favor.","","","",""
"32","es","Hola, pásame con un asesor para consultar mi saldo.","","","",""
"33","es","Me robaron la tarjeta hace un momento y necesito bloquearla ya.","","","",""
"34","es","Perdí la billetera con mi tarjeta, ¿cómo la bloqueo?","","","",""
"35","es","Hay alguien haciendo transferencias desde mi cuenta ahora mismo y no soy yo.","","","",""
"36","es","Me llegó un enlace que pide mi clave para evitar el cierre de la cuenta; creo que es phishing.","","","",""
"37","es","Che, me llamaron haciéndose pasar por el banco y compartí mi clave. Necesito frenar el acceso.","","","",""
"38","es","No puedo entrar y me avisaron que cambiaron mi correo sin mi permiso.","","","",""
"39","es","quiero un humano no el bot","","","",""
"40","es","Si no atienden este cobro duplicado, voy a iniciar una demanda contra el banco.","","","",""
"41","es","Mi pareja me está obligando a darle acceso a la cuenta y tengo miedo de que saque mi dinero.","","","",""
"42","es","Buenas, soy una persona mayor y no entiendo estos pasos; necesito que me atienda un asesor.","","","",""
"43","es","Oiga, están intentando usar mi tarjeta mientras la tengo conmigo. Me están llegando avisos de compras.","","","",""
"44","es","El cajero no entregó la plata; mejor comunícame con un agente para levantar el reclamo.","","","",""
"45","es","Me acaban de quitar el celular con la aplicación bancaria abierta.","","","",""
"46","es","¿Qué necesito para abrir una cuenta de ahorro?","","","",""
"47","es","Hola, ¿a qué hora abre la sucursal los sábados?","","","",""
"48","es","¿Ofrecen tarjetas sin anualidad para estudiantes?","","","",""
"49","es","Che, ¿qué significa inflación?","","","",""
"50","es","Recomiéndame una película para esta noche.","","","",""
"51","es","¿Dónde queda el cajero más cercano?","","","",""
"52","es","Buenas, quiero información general sobre sus créditos de vivienda, todavía no tengo uno.","","","",""
"53","es","q requisitos piden para abrir cuenta en colombia","","","",""
"54","es","¿Me puedes explicar qué es una transferencia internacional?","","","",""
"55","es","Qué onda, ¿cómo va tu día?","","","",""
"56","es","Quiero saber si tienen vacantes de trabajo en el banco.","","","",""
"57","es","¿Hay estacionamiento en su sucursal del centro?","","","",""
"58","es","Estoy comparando bancos, ¿cuáles son las ventajas de su cuenta para negocios?","","","",""
"59","es","¿Aceptan mascotas dentro de la sucursal?","","","",""
"60","es","Gracias por la explicación, era todo.","","","",""
"61","pt","Bom dia, qual é o saldo disponível da minha conta?","","","",""
"62","pt","Esse lançamento no meu extrato corresponde a qual loja?","","","",""
"63","pt","Meu Pix de hoje já foi concluído ou ainda está em processamento?","","","",""
"64","pt","Oi, quando vence a minha fatura deste mês?","","","",""
"65","pt","Quanto tenho de limite livre no cartão agora?","","","",""
"66","pt","Não perdi meu cartão; só quero saber se ele continua ativo.","","","",""
"67","pt","Não houve fraude nem compra estranha. Preciso consultar os gastos que fiz no fim de semana.","","","",""
"68","pt","qual o valor da proxima parcela do meu emprestimo","","","",""
"69","pt","Dá pra me mostrar o comprovante da transferência que fiz ontem?","","","",""
"70","pt","Minha fatura já consta como paga? Acabei de pagar pelo aplicativo.","","","",""
"71","pt","Queria saber quanto rendeu o dinheiro que está na minha conta neste mês.","","","",""
"72","pt","Boa tarde! Estou conferindo meu extrato e queria entender a descrição de uma tarifa que aparece nele.","","","",""
"73","pt","Qual foi o horário do meu último saque?","","","",""
"74","pt","O depósito de ontem já entrou na minha conta? Só estou acompanhando o prazo.","","","",""
"75","pt","Não quero falar com atendente, só consultar a data de fechamento do meu cartão.","","","",""
"76","pt","Por que cobraram minha compra duas vezes na fatura?","","","",""
"77","pt","Oi, não reconheço essa compra de farmácia que apareceu no extrato.","","","",""
"78","pt","Fiz um Pix, o saldo diminuiu e a pessoa não recebeu o dinheiro.","","","",""
"79","pt","O caixa eletrônico debitou o saque, mas não soltou nenhuma nota.","","","",""
"80","pt","A loja confirmou o estorno e até agora ele não entrou no cartão.","","","",""
"81","pt","A tarifa da minha conta veio errada, cobrou mais do que estava combinado.","","","",""
"82","pt","minha compra ta duplicada na fatura","","","",""
"83","pt","Não acho que seja fraude: o mercado passou a mesma compra duas vezes e preciso corrigir a cobrança.","","","",""
"84","pt","Não preciso de atendente por enquanto. Quero contestar um débito que veio mesmo depois do cancelamento.","","","",""
"85","pt","Boa noite, paguei a parcela inteira, mas estão cobrando de novo uma parte que já quitei.","","","",""
"86","pt","O valor lançado no cartão é maior que o valor do recibo da compra.","","","",""
"87","pt","Meu reembolso está atrasado; disseram que já devolveram e o saldo continua igual.","","","",""
"88","pt","Cobraram anuidade neste mês, embora meu cartão tenha isenção.","","","",""
"89","pt","Esse pagamento de estacionamento não é meu, eu nem fui lá.","","","",""
"90","pt","A transferência saiu da conta ontem e o destinatário confirmou que ainda não chegou nada.","","","",""
"91","pt","Preciso que uma pessoa do banco me acompanhe na conferência das parcelas de uma compra que aparecem na minha fatura.","","","",""
"92","pt","Oi, me passa para uma pessoa para consultar meu limite?","","","",""
"93","pt","Acabaram de roubar meu cartão e estão tentando fazer compras.","","","",""
"94","pt","Perdi o cartão na rua, preciso bloquear agora.","","","",""
"95","pt","Tem alguém mexendo na minha conta e enviando Pix sem minha autorização neste momento.","","","",""
"96","pt","Recebi um link para atualizar a senha do banco e achei suspeito; parece golpe.","","","",""
"97","pt","Passei minha senha numa ligação que achei que era do banco. Como impeço que entrem na conta?","","","",""
"98","pt","Mudaram meu telefone cadastrado sem eu pedir e agora não consigo acessar o aplicativo.","","","",""
"99","pt","me põe com um humano pfv","","","",""
"100","pt","Vou processar o banco se essa cobrança duplicada continuar sem solução.","","","",""
"101","pt","Meu cuidador está me pressionando a entregar o controle da conta e tenho medo de ficar sem meu dinheiro.","","","",""
"102","pt","Não roubaram meu cartão, mas quero conversar com um atendente sobre o extrato.","","","",""
"103","pt","Não é um pedido de saldo: alguém acabou de entrar na conta e trocou minha senha.","","","",""
"104","pt","Boa tarde, o saque falhou e preciso que um agente acompanhe meu caso.","","","",""
"105","pt","Levaram meu celular desbloqueado com o app do banco aberto, preciso proteger a conta já.","","","",""
"106","pt","O que preciso levar para abrir uma conta corrente?","","","",""
"107","pt","A agência abre amanhã de manhã?","","","",""
"108","pt","Vocês têm cartão sem anuidade para quem está na faculdade?","","","",""
"109","pt","Como funciona o Pix em geral? Nunca usei.","","","",""
"110","pt","Me indica uma receita fácil pro almoço.","","","",""
"111","pt","Onde fica um caixa eletrônico perto do centro?","","","",""
"112","pt","Boa tarde, estou pesquisando financiamento de imóvel e queria conhecer as opções de vocês.","","","",""
"113","pt","quais documentos precisa pra abri conta","","","",""
"114","pt","Qual é a diferença entre cartão de crédito e de débito?","","","",""
"115","pt","E aí, tudo bem por aí?","","","",""
"116","pt","Como faço para me candidatar a uma vaga no banco?","","","",""
"117","pt","Tem bicicletário na agência?","","","",""
"118","pt","Estou pensando em abrir uma conta para minha empresa. Quais serviços vêm no pacote?","","","",""
"119","pt","Não fui vítima de golpe; estou preparando um trabalho escolar sobre o que é phishing.","","","",""
"120","pt","Valeu pela ajuda, tenha um bom dia!","","","",""
